IdAlumno,IdSocial,NOMBRESEDE,NOMBREESCUELA,UBIGEONACIMIENTO,EDAD,DIRECCION,ESTADOCIVIL,DEUDA,MODALIDADINGRESO,PUNTAJEINGRESO,TIPOCOLEGIO,LUGARCOLEGIO,ANOEGRESOCOLEGIO,SEXO,TIPOVIVIENDADONDEVIVE,REGIMENTENENCIAVIVIENDADONDEVIVE,VIVESUPADRE,VIVESUMADRE,PERSONASCONQUIENESVIVE,NIVELEDUCATIVOPADRE,NIVELEDUCATIVOMADRE,TRABAJASUPADRE,ESPECIFIQUEOCUPACIONPRINCIPALDESUPADRE,TRABAJASUMADRE,ESPECIFIQUEOCUPACIONPRINCIPALDESUMADRE,TIENECONOCIMIENTOSENCOMPUTACION,COMPUTADORAQUEUTILIZAFRECUENTEMENTEES,FINANCIAMIENTODESUSESTUDIOSUNIVERSITARIOS
1,1,0,2,2,0,0,2,2,0,2,1,1,2,1,1,1,1,1,1,0,4,2,0,2,1,1,3,2
2,2,0,2,2,1,0,2,1,0,2,0,1,2,1,1,0,1,1,1,4,4,2,0,2,1,1,3,2
3,3,0,0,2,0,9,2,0,0,1,1,1,2,1,0,1,1,1,0,5,3,2,0,2,1,1,3,2
4,4,0,0,2,2,9,2,1,0,1,1,1,0,0,0,0,1,1,4,0,0,2,0,1,2,1,3,2
5,5,0,0,2,2,6,2,1,0,0,1,1,0,0,1,0,1,1,4,4,4,2,0,2,0,1,0,2
6,6,0,1,2,2,9,2,1,0,0,1,1,0,1,1,2,1,1,2,0,4,1,2,2,0,1,3,1
7,7,0,1,2,1,9,2,1,1,1,0,1,1,1,0,2,1,1,1,2,2,2,1,2,0,1,3,2
8,8,0,1,2,0,9,2,1,0,0,0,1,2,1,0,2,1,1,1,4,0,2,1,1,2,1,3,2
9,9,0,1,2,2,0,2,2,1,1,1,1,0,0,0,2,1,1,0,0,5,1,2,2,1,1,3,0
10,10,0,0,2,1,9,2,1,0,1,1,1,1,1,1,0,1,1,4,3,2,2,1,2,1,0,1,2
11,11,0,1,2,1,5,2,2,0,0,0,1,1,1,1,0,0,1,2,1,0,0,2,1,2,1,0,0
12,12,0,3,2,1,9,2,2,0,1,0,1,1,1,0,0,1,1,1,1,1,0,2,0,2,1,1,2
13,13,0,0,2,1,0,1,1,0,0,1,1,1,1,1,0,1,1,2,4,4,2,0,2,0,1,3,2
14,14,0,2,2,1,0,2,3,0,0,0,1,1,1,1,0,1,1,4,0,3,2,1,2,1,0,1,2
15,15,0,1,2,2,0,2,1,0,0,1,1,0,1,1,0,0,1,3,1,3,0,2,2,1,1,3,1
16,16,0,1,2,2,5,2,1,0,0,0,1,0,1,1,0,1,1,4,2,4,1,2,2,0,1,0,1
17,17,0,2,2,1,0,2,2,0,1,0,1,1,1,1,1,1,1,1,0,3,1,2,1,2,1,3,2
18,18,0,1,2,1,9,2,1,1,1,1,1,1,1,0,2,1,1,4,0,5,2,1,1,2,1,0,2
19,19,1,0,2,2,1,0,2,0,2,1,1,0,0,1,0,1,1,0,0,0,2,0,2,1,1,3,1
20,20,0,3,2,0,9,2,1,0,1,0,1,2,0,0,2,1,1,3,4,4,2,1,2,1,1,3,2
21,21,0,3,2,0,1,0,1,0,2,0,1,2,0,1,1,1,1,3,4,4,2,0,2,0,1,3,2
22,22,0,0,2,0,1,0,2,0,1,1,1,2,0,1,0,1,1,3,5,4,2,0,2,0,1,3,2
23,23,1,0,2,2,0,1,1,0,0,1,1,0,1,0,2,0,1,0,1,2,0,2,2,1,1,3,1
24,24,1,2,2,2,1,0,2,0,2,1,1,0,1,1,0,1,1,4,2,2,1,2,1,2,1,0,1
25,25,0,0,2,2,9,2,1,0,1,1,1,0,1,1,0,1,1,2,0,3,2,0,1,2,1,0,1
26,26,0,1,2,2,0,0,2,1,1,0,0,0,1,0,2,1,1,1,0,0,2,1,2,1,1,3,2
27,27,1,0,2,1,4,2,0,0,2,1,1,0,0,0,2,1,1,1,3,5,1,2,1,2,1,0,0
28,28,0,0,2,0,9,2,1,0,2,0,0,2,1,1,0,1,1,1,5,4,2,0,2,0,1,3,2
29,29,0,0,2,1,0,1,3,0,2,0,0,2,1,0,2,1,1,1,3,3,2,1,2,1,1,3,2
30,30,0,1,2,0,0,2,1,0,2,0,0,2,1,0,2,1,1,1,4,0,2,1,2,1,1,3,2
31,31,0,1,2,0,6,2,2,0,2,0,0,2,1,0,2,1,1,1,2,4,2,1,2,1,1,3,2
32,32,0,3,2,1,9,2,1,0,2,0,1,2,0,1,0,1,1,1,4,4,2,0,1,2,1,3,2
33,33,0,1,2,0,0,2,2,0,0,0,0,2,1,0,2,1,1,1,0,0,2,1,2,0,1,3,2
34,34,0,1,2,2,0,2,1,0,0,1,0,0,1,0,2,1,1,1,5,0,2,0,2,0,1,0,1
35,35,0,2,2,0,5,2,1,0,0,1,0,2,1,0,2,1,1,1,4,4,2,0,2,1,1,3,2
36,36,0,2,2,1,0,2,1,0,1,1,0,2,1,1,2,1,1,1,5,5,2,0,2,1,1,3,2
37,37,0,3,2,1,0,2,4,1,2,0,0,1,0,0,2,1,1,1,2,4,2,1,2,1,1,3,2
38,38,0,2,2,2,9,2,1,0,2,0,1,0,1,1,0,1,1,1,3,3,2,1,2,1,1,3,1
39,39,0,0,2,0,9,2,1,0,0,0,0,2,0,0,2,1,1,1,3,3,2,1,2,1,0,1,2
40,40,0,0,2,1,9,2,4,0,0,1,0,1,1,1,0,1,1,4,4,4,2,1,2,1,1,3,2
41,41,0,1,2,0,9,2,2,0,2,0,0,2,1,0,2,1,1,1,5,3,2,1,2,1,1,3,2
42,42,0,2,2,0,9,2,3,0,2,0,0,2,1,0,2,1,1,1,5,4,2,0,1,2,1,3,2
43,43,0,0,2,2,0,2,4,1,2,1,0,1,0,0,2,1,1,1,3,3,2,0,2,0,1,0,2
44,44,0,1,2,2,0,2,3,0,0,0,0,0,1,0,2,1,1,1,3,3,2,1,2,0,1,0,2
45,45,0,3,2,0,0,2,2,0,1,1,0,2,0,0,2,1,1,1,5,3,2,1,1,2,0,1,2
46,46,1,2,0,2,3,2,1,0,2,1,1,0,1,1,0,0,1,4,1,2,0,2,2,1,1,3,1
47,47,0,0,0,2,6,2,3,0,0,0,1,0,0,0,2,1,1,4,4,3,2,0,2,1,1,0,1
48,48,0,2,0,0,0,2,1,0,1,0,0,2,1,0,2,1,1,1,4,4,2,1,2,1,1,3,2
49,49,0,2,0,1,0,2,1,0,1,1,0,1,1,0,2,1,1,1,4,4,2,0,2,1,1,3,2
50,50,0,0,0,2,0,1,1,0,1,0,0,0,1,0,2,1,1,1,3,0,1,2,1,2,1,3,1
51,51,0,2,0,0,0,2,1,0,2,0,0,2,0,0,2,0,1,0,1,4,0,2,2,0,1,3,2
52,52,0,2,0,0,0,2,1,0,1,0,0,2,1,0,2,1,1,1,0,3,2,1,2,1,1,3,2
53,53,0,2,0,0,0,2,1,0,0,0,0,2,0,1,2,1,1,1,2,4,2,1,2,0,1,3,2
54,54,0,2,0,0,9,2,1,0,2,0,0,2,1,0,2,1,1,1,4,0,2,0,2,1,1,3,2
55,55,0,2,0,0,6,2,1,0,0,0,0,2,1,0,2,1,1,1,4,4,2,0,2,0,1,3,2
56,56,0,2,0,1,0,2,1,0,2,1,0,2,1,0,2,1,1,1,5,5,2,0,2,0,1,3,2
57,57,0,0,0,1,1,0,1,0,0,0,0,0,1,1,1,0,1,3,1,2,0,2,1,2,0,1,1
58,58,0,0,0,2,0,2,1,0,1,1,0,0,0,0,2,1,1,1,0,3,2,1,2,1,1,3,0
59,59,0,0,0,2,1,0,2,0,1,0,0,0,1,0,2,1,1,1,3,3,2,0,1,2,1,3,1
60,60,0,1,0,2,1,0,2,0,0,0,0,0,1,0,2,1,1,1,4,4,2,0,2,1,1,3,2
61,61,0,0,0,0,0,2,1,1,2,0,0,2,0,0,2,1,1,1,3,3,2,1,2,1,1,3,2
62,62,0,0,0,0,0,2,2,0,2,0,0,2,0,0,2,1,0,1,5,1,2,0,0,2,1,0,2
63,63,0,0,0,0,1,0,1,0,2,0,0,2,0,0,2,1,1,1,4,5,1,2,2,0,1,3,2
64,64,0,0,0,0,1,0,2,0,2,0,0,2,0,1,0,1,1,3,5,0,1,2,2,1,1,2,2
65,65,0,0,0,0,9,2,1,0,2,0,0,2,0,1,2,1,1,1,3,3,2,1,2,1,0,1,2
66,66,0,1,0,0,6,2,1,0,2,0,0,2,1,0,2,1,1,1,4,4,2,0,2,0,1,0,2
67,67,0,1,0,0,0,2,1,0,2,0,0,2,1,0,2,1,1,1,4,4,2,0,2,0,1,3,2
68,68,0,1,0,0,1,0,1,1,2,0,0,2,1,0,2,1,1,1,4,4,2,0,2,0,1,3,2
69,69,0,1,0,0,0,2,2,0,2,0,0,2,1,0,2,1,1,1,2,4,2,0,2,1,1,3,2
70,70,0,1,0,1,5,2,1,1,2,0,0,2,1,0,2,1,1,1,4,0,2,1,2,1,1,3,2
71,71,0,1,0,0,0,2,4,0,2,0,0,2,1,0,2,1,1,0,4,4,2,0,1,2,1,3,0
72,72,0,1,0,0,5,2,1,0,2,0,0,2,1,0,2,1,1,0,2,4,2,0,2,0,1,3,2
73,73,0,1,0,1,0,2,1,0,2,0,0,2,1,0,2,1,1,1,3,3,2,1,2,0,1,3,2
74,74,0,1,0,1,1,0,1,0,2,0,0,2,1,0,2,1,1,0,4,4,2,1,2,0,1,0,2
75,75,0,2,0,0,0,2,1,0,2,0,0,2,1,0,2,1,1,1,0,0,2,0,2,0,1,3,2
76,76,0,2,0,0,0,2,1,1,2,0,0,2,1,0,2,1,1,1,5,4,2,0,1,2,1,3,0
77,77,0,2,0,0,0,2,1,0,2,0,0,2,1,0,0,1,1,1,4,4,2,0,2,1,1,3,2
78,78,0,2,0,0,0,2,1,0,2,0,0,2,1,0,2,1,1,1,5,2,2,1,2,1,1,3,2
79,79,0,2,0,0,0,2,1,0,2,1,0,2,1,0,2,1,1,3,3,0,2,1,2,1,1,0,2
80,80,0,2,0,0,1,0,1,0,2,0,0,2,1,0,2,1,1,1,4,4,2,1,2,1,1,3,2
81,81,0,2,0,0,0,2,1,0,2,1,0,2,1,0,2,1,1,1,3,3,1,2,1,2,1,3,2
82,82,0,2,0,0,1,0,1,0,2,0,0,2,1,0,2,1,1,1,4,4,2,0,2,0,1,3,2
83,83,0,3,0,0,6,2,1,0,2,0,0,2,1,0,2,1,1,3,4,4,2,0,2,0,1,3,2
84,84,0,3,0,1,1,0,2,0,2,0,0,2,1,1,0,1,0,1,5,1,2,1,0,2,1,3,2
85,85,0,3,0,0,1,0,1,0,2,0,0,2,1,0,2,1,1,1,5,0,2,0,2,1,1,3,2
86,86,0,3,0,0,6,2,4,0,2,0,0,2,1,0,2,1,1,1,4,4,2,0,2,1,1,3,2
87,87,0,3,0,0,9,2,1,0,2,0,0,2,1,1,1,1,1,1,5,0,2,0,2,0,1,3,2
88,88,0,3,0,0,0,2,1,1,2,0,0,2,0,0,2,1,1,1,4,4,2,0,2,1,1,3,2
89,89,0,3,0,0,1,0,1,0,2,0,0,2,0,1,0,1,1,1,5,5,2,1,2,1,1,3,2
90,90,0,3,0,0,5,2,0,0,2,0,0,2,0,0,2,1,1,1,3,0,2,1,2,1,1,0,2
91,91,0,3,0,0,9,2,1,1,2,1,0,2,1,0,2,1,1,1,4,4,2,0,2,0,1,3,2
92,92,0,3,0,0,0,2,1,0,2,0,0,2,0,0,2,1,1,1,0,0,2,0,2,0,1,2,2
93,93,0,3,0,0,6,2,1,0,2,0,0,2,0,0,0,1,1,1,4,4,2,1,2,1,1,3,2
94,94,0,3,0,0,9,2,1,0,2,0,0,2,1,1,2,1,1,1,5,5,2,1,2,1,1,3,2
95,95,0,0,0,1,5,2,3,0,1,1,0,1,1,0,0,0,1,1,1,4,0,2,2,0,1,0,1
96,96,0,0,0,2,9,2,1,0,1,1,0,0,0,0,2,1,1,1,2,2,2,0,2,1,1,3,1
97,97,0,0,0,2,1,0,2,0,1,1,0,0,0,0,2,0,1,0,1,0,0,2,2,0,1,3,1
98,98,0,0,0,1,0,2,1,0,0,1,0,1,1,1,0,1,1,1,0,3,2,0,1,2,1,3,2
99,99,0,0,0,1,1,0,1,0,1,1,0,1,1,0,1,1,1,1,3,3,2,0,2,1,1,0,2
100,100,0,0,0,0,1,0,2,0,1,1,0,2,0,0,2,1,1,1,4,4,2,0,2,0,1,3,2
101,101,0,0,0,1,7,2,2,0,1,0,0,2,1,0,2,1,1,1,3,3,2,1,2,1,1,3,2
102,102,0,0,0,2,0,2,1,0,1,1,0,0,1,0,2,1,1,1,0,0,2,0,1,2,1,3,2
103,103,0,0,0,1,9,2,1,0,1,0,0,1,1,0,2,1,0,1,5,1,2,1,0,2,1,0,2
104,104,0,0,0,1,9,2,1,0,1,1,0,1,0,0,2,1,1,1,5,0,2,1,1,2,1,3,2
105,105,0,0,0,2,9,2,1,0,1,1,0,0,0,0,2,1,1,1,4,4,2,1,2,0,1,0,2
106,106,0,0,0,0,0,2,1,0,0,0,0,1,1,0,2,1,1,1,4,5,2,0,1,2,1,0,2
107,107,0,0,0,0,9,2,1,0,1,1,0,2,0,1,0,0,1,1,1,3,0,2,2,1,1,0,2
108,108,0,0,0,2,0,2,1,0,0,0,0,0,0,0,2,1,1,1,3,3,2,1,2,2,1,1,2
109,109,0,0,0,1,0,2,1,0,1,0,0,1,1,0,2,1,1,1,5,4,2,0,2,0,1,3,1
110,110,0,0,0,1,1,0,1,1,1,0,0,1,1,1,1,1,1,1,0,4,2,0,2,0,1,3,2
111,111,0,0,0,2,0,2,1,0,0,1,0,0,1,1,0,1,1,1,4,3,2,0,1,2,0,1,2
112,112,0,0,0,2,9,2,1,0,1,0,0,0,1,0,0,1,1,0,4,0,2,0,1,2,1,3,1
113,113,0,0,0,1,9,2,1,0,0,1,0,1,0,0,2,1,1,1,0,5,2,1,2,1,1,3,2
114,114,0,0,0,1,1,0,1,0,1,1,0,1,1,0,2,1,1,0,5,5,2,1,2,1,1,3,2
115,115,0,0,0,2,0,2,1,0,1,0,0,0,0,0,0,1,1,1,0,3,2,1,1,2,1,0,1
116,116,0,0,0,2,5,2,1,0,0,0,0,0,0,0,2,0,1,1,1,4,0,2,2,0,1,0,1
117,117,0,0,0,1,0,2,2,0,0,1,0,1,0,0,2,1,1,1,3,3,2,0,2,1,1,3,2
118,118,0,0,0,1,9,2,1,1,1,1,0,1,1,0,2,1,1,1,3,3,2,1,2,1,1,3,2
119,119,0,1,0,2,7,2,4,0,0,0,0,0,1,0,2,1,1,1,0,0,2,0,2,1,1,3,2
120,120,0,1,0,1,6,2,1,1,1,0,0,1,1,0,2,1,1,1,0,0,2,0,2,1,1,3,2
121,121,0,1,0,0,9,2,1,0,0,0,0,2,0,0,2,1,1,1,4,0,2,1,2,1,1,3,2
122,122,0,1,0,2,9,2,2,0,0,0,0,0,0,0,2,1,1,1,4,4,2,0,1,2,1,0,1
123,123,0,1,0,1,0,2,1,0,0,0,0,2,1,0,2,1,1,1,4,5,2,1,2,1,1,3,2
124,124,0,1,0,2,1,0,2,1,1,1,0,0,0,0,2,1,1,1,3,3,2,1,2,0,1,3,2
125,125,0,1,0,1,1,0,1,0,0,0,0,1,1,0,2,1,1,1,4,4,2,0,2,0,1,3,2
126,126,0,1,0,2,9,2,1,0,0,1,0,0,1,0,2,0,1,3,1,3,0,2,2,1,1,3,1
127,127,0,1,0,2,7,2,4,0,0,0,0,0,1,0,2,1,1,3,4,4,2,1,2,0,1,3,2
128,128,0,1,0,1,6,2,1,0,0,0,1,1,1,1,0,1,1,3,0,0,2,1,2,0,1,0,2
129,129,0,1,0,1,9,2,1,0,0,0,0,2,1,1,2,1,1,1,4,4,2,0,2,0,1,3,2
130,130,0,1,0,1,0,2,2,1,1,1,0,1,1,0,2,1,1,1,4,5,2,0,2,1,1,0,2
131,131,0,1,0,2,9,2,1,0,0,0,0,0,1,0,2,1,1,1,4,0,2,1,2,1,1,0,2
132,132,0,1,0,0,0,2,2,0,1,0,0,2,1,0,2,1,1,1,4,4,2,1,2,1,1,3,2
133,133,0,1,0,1,9,2,1,1,1,0,0,1,1,0,2,1,1,1,4,4,2,0,1,2,1,3,2
134,134,0,1,0,2,9,2,1,0,0,1,0,0,1,1,2,1,1,1,4,0,1,2,1,2,1,2,0
135,135,0,1,0,1,0,2,1,0,0,1,0,1,0,0,2,1,1,1,0,4,2,0,2,0,1,3,1
136,136,0,1,0,1,5,2,1,1,1,0,0,1,1,1,1,1,1,1,4,0,2,0,2,1,1,3,2
137,137,0,1,0,0,9,2,1,0,0,0,0,1,1,1,2,1,1,2,3,4,2,1,2,0,0,1,2
138,138,0,1,0,0,9,2,1,0,0,0,0,1,0,0,2,1,1,1,4,4,2,0,2,0,1,3,2
139,139,0,1,0,1,5,2,1,0,0,0,0,2,1,0,2,1,1,1,4,4,2,1,2,1,1,3,2
140,140,0,1,0,2,6,2,1,0,0,0,0,0,1,0,2,1,1,1,0,0,2,1,2,1,1,3,2
141,141,0,1,0,0,0,2,1,0,0,0,0,2,1,0,2,1,1,1,4,4,2,0,2,0,1,3,2
142,142,0,1,0,2,0,2,2,0,0,0,0,0,1,0,2,1,1,1,0,4,2,1,2,1,1,3,2
143,143,0,1,0,2,0,2,1,0,0,1,0,0,0,0,2,1,1,1,4,0,2,0,2,0,1,3,2
144,144,0,1,0,0,9,2,1,0,0,1,0,2,0,0,2,1,1,0,0,0,2,0,2,0,1,3,2
145,145,0,1,0,0,5,2,1,0,1,1,0,2,0,1,2,1,1,1,5,5,2,1,2,1,1,3,2
146,146,0,1,0,1,5,2,1,1,1,0,1,1,1,1,0,1,1,4,3,3,2,1,2,1,1,0,2
147,147,0,1,0,2,9,2,1,0,0,1,0,0,1,1,2,1,1,1,4,3,2,0,2,1,1,3,1
148,148,0,1,0,1,9,2,1,0,1,0,0,2,1,0,2,1,1,1,4,4,2,0,1,2,1,3,2
149,149,0,2,0,0,9,2,1,0,1,0,0,2,1,0,2,1,1,3,4,4,2,1,2,1,1,3,2
150,150,0,2,0,1,5,2,1,0,1,0,0,1,0,0,2,1,1,1,4,4,2,0,2,0,1,3,2
151,151,0,2,0,1,9,2,1,0,0,0,0,1,1,0,0,1,1,1,4,5,2,1,1,2,1,3,2
152,152,0,2,0,0,9,2,1,0,1,0,0,2,1,0,2,1,1,1,0,0,2,0,2,0,1,3,2
153,153,0,2,0,0,0,2,1,0,1,1,0,2,1,0,2,1,1,0,4,4,2,0,2,0,1,3,0
154,154,0,2,0,0,5,2,1,0,0,0,0,2,1,0,2,1,1,1,0,4,2,1,2,0,1,3,2
155,155,0,2,0,0,1,0,1,0,1,0,0,2,1,0,0,1,1,1,1,1,0,2,0,2,1,1,2
156,156,0,2,0,2,1,0,2,0,1,1,0,0,1,0,2,1,1,1,4,4,2,1,2,1,1,3,2
157,157,0,2,0,1,5,2,1,0,2,0,0,2,0,0,2,1,1,1,4,4,2,1,2,1,1,3,2
158,158,0,2,0,2,5,2,1,0,1,0,0,0,1,0,2,1,1,1,5,0,2,1,1,2,1,3,2
159,159,0,2,0,2,5,2,1,0,0,0,0,0,1,0,2,1,1,1,4,5,2,1,2,1,1,3,1
160,160,0,2,0,1,5,2,2,0,1,0,0,1,1,1,2,1,1,1,0,0,2,1,2,1,1,3,2
161,161,0,3,0,1,9,2,1,0,1,0,0,1,0,0,2,1,1,1,4,4,2,0,2,0,1,3,2
162,162,0,3,0,2,1,0,2,0,1,1,0,0,0,0,2,0,0,2,1,1,0,2,0,2,1,3,1
163,163,0,3,0,0,0,2,1,0,1,1,0,2,0,0,2,1,1,1,0,3,2,1,2,1,1,3,2
164,164,0,3,0,1,0,2,2,0,1,0,0,1,0,0,2,1,1,1,2,4,2,0,2,0,1,3,2
165,165,0,3,0,0,1,2,1,0,1,1,0,2,1,0,2,1,1,1,4,4,2,1,2,1,1,0,2
166,166,0,3,0,0,1,0,3,0,1,1,0,2,0,0,2,1,1,1,3,0,2,0,2,0,1,3,2
167,167,0,3,0,0,1,0,1,0,1,0,0,2,1,0,2,1,1,1,5,4,2,0,2,1,1,3,2
168,168,0,3,0,2,0,2,1,0,1,0,0,0,1,0,2,1,1,1,3,5,2,1,2,1,1,3,2
169,169,0,3,0,1,0,2,1,0,1,1,0,2,0,0,2,1,1,1,4,0,2,0,2,1,1,3,2
170,170,0,3,0,2,9,1,1,0,0,0,0,0,1,0,2,1,1,1,3,3,2,0,2,0,1,0,2
171,171,0,3,0,1,0,2,1,0,1,1,0,1,0,0,2,1,1,1,4,4,2,1,2,1,1,3,2
172,172,0,3,0,2,5,2,1,0,1,1,0,0,1,0,2,1,0,1,3,1,2,1,0,2,1,2,1
173,173,0,3,0,2,0,2,1,0,0,1,0,0,1,0,2,1,1,1,0,3,1,2,1,2,0,1,0
174,174,0,3,0,2,1,0,1,0,1,0,0,2,0,1,0,1,1,1,3,0,2,1,2,1,1,3,2
175,175,0,3,0,1,0,2,2,0,0,0,0,1,0,0,2,1,1,1,4,4,2,1,2,1,1,3,2
176,176,0,3,0,2,0,2,3,0,2,1,0,0,1,0,2,1,1,4,4,3,2,1,2,1,1,3,1
177,177,0,0,0,2,9,1,3,1,1,0,0,0,0,0,2,1,1,1,3,3,2,1,2,1,1,3,1
178,178,0,0,0,2,9,2,3,1,0,0,0,0,0,0,2,1,1,1,4,5,2,1,2,1,1,3,1
179,179,0,0,0,2,0,2,1,1,1,0,0,0,0,0,2,1,1,1,4,4,1,2,2,0,1,3,1
180,180,0,3,0,1,5,2,1,1,1,0,0,2,1,0,2,1,1,3,5,5,2,1,1,2,1,3,2
181,181,0,0,0,2,5,2,2,1,0,1,0,0,1,0,2,1,1,1,4,3,2,0,1,2,1,3,2
182,182,0,2,0,2,6,2,1,1,1,1,0,0,0,0,2,1,1,1,4,3,1,2,1,2,1,3,2
183,183,1,0,0,0,4,2,1,0,2,1,0,2,1,0,2,1,1,2,4,4,2,1,2,1,1,3,2
184,184,1,0,0,0,4,2,1,0,2,1,0,2,1,1,0,1,1,1,0,3,2,0,2,1,1,0,2
185,185,1,0,0,2,4,2,3,0,2,1,0,0,0,0,2,1,1,0,3,2,2,1,2,1,1,3,1
186,186,1,0,0,0,4,2,2,0,2,1,0,2,0,0,2,1,1,1,1,1,0,2,0,2,1,1,2
187,187,1,0,0,1,4,2,1,0,2,1,0,1,0,0,0,1,1,1,3,3,2,1,2,1,1,0,2
188,188,1,0,0,1,1,0,2,0,2,0,0,2,0,0,2,1,1,1,4,4,2,1,2,0,1,3,2
189,189,0,0,0,1,9,2,1,0,2,1,0,2,0,0,2,1,1,3,0,0,2,1,2,0,1,0,2
190,190,1,0,0,2,1,0,2,0,2,1,0,0,0,0,2,1,1,0,4,3,2,0,2,0,1,3,1
191,191,1,0,0,2,3,2,1,0,2,1,0,0,1,1,0,1,1,1,3,3,2,0,1,2,1,3,2
192,192,0,0,0,2,0,2,3,0,2,1,0,0,0,1,0,1,1,4,3,3,2,0,1,2,0,1,2
193,193,1,0,0,1,1,0,1,0,2,0,0,1,1,1,2,1,1,1,3,3,2,1,2,1,1,3,2
194,194,1,0,0,2,1,0,3,0,2,0,0,0,0,1,0,1,1,4,3,3,2,1,2,1,1,3,1
195,195,0,0,0,2,0,2,2,0,2,0,0,1,1,0,2,0,1,2,1,2,0,2,1,2,1,0,0
196,196,1,2,0,2,1,0,2,0,2,0,0,0,1,0,2,1,1,4,4,3,2,0,2,1,1,3,1
197,197,1,2,0,2,1,0,2,0,2,1,0,0,1,0,2,1,1,0,5,3,2,0,2,0,1,3,1
198,198,0,0,0,1,9,2,1,1,1,0,0,0,1,0,2,1,1,1,5,5,2,1,2,1,1,3,2
199,199,0,0,0,0,5,2,2,0,2,0,0,2,1,0,2,1,1,1,4,3,2,1,2,1,1,0,2
200,200,0,2,0,0,5,2,2,0,2,0,0,2,1,0,2,1,1,1,5,5,2,0,2,1,1,3,2
201,201,0,2,0,0,1,0,2,0,2,0,0,2,1,0,2,1,1,3,4,4,2,0,2,0,1,3,2
202,202,0,0,0,2,0,2,1,0,1,1,0,1,1,0,2,1,1,1,0,0,2,0,2,1,1,3,2
203,203,0,0,0,1,0,2,1,0,1,1,0,1,0,0,2,1,1,1,3,3,2,1,2,1,1,3,2
204,204,0,0,0,2,1,0,2,0,1,1,0,1,1,0,2,1,1,1,0,0,2,0,2,1,1,3,2
205,205,0,1,0,2,5,2,1,0,1,1,1,0,1,0,2,1,1,2,4,3,2,0,2,1,1,3,2
206,206,0,2,0,1,7,2,2,0,1,1,0,1,1,0,2,1,1,1,0,0,2,1,2,1,1,3,2
207,207,0,3,0,1,5,2,1,0,1,1,0,1,0,0,2,1,1,3,3,3,2,1,2,1,1,0,2
208,208,0,3,0,1,5,2,1,1,1,1,0,1,0,0,2,1,1,1,3,3,2,0,2,1,0,1,2
209,209,0,3,0,1,1,0,1,0,1,1,0,1,0,1,1,1,1,1,4,5,2,0,2,0,1,3,2
210,210,0,3,0,1,1,0,3,0,1,0,0,2,1,0,2,1,1,1,4,4,2,1,2,1,1,3,2
211,211,0,0,0,1,1,0,2,0,1,1,0,0,0,0,2,1,1,1,0,0,2,0,2,1,1,3,2
212,212,0,1,0,0,6,2,1,1,2,0,0,2,1,0,2,1,1,1,4,4,2,0,2,1,1,3,2
213,213,0,1,0,0,6,2,1,0,2,0,0,2,1,0,2,0,1,1,1,4,0,2,2,1,1,3,2
214,214,0,2,0,0,6,2,2,0,2,1,0,2,0,1,2,1,1,3,2,4,2,0,1,2,1,3,2
215,215,0,3,0,1,9,2,2,0,2,1,0,2,1,1,2,1,1,1,3,3,2,1,2,1,1,3,2
216,216,0,0,0,1,5,2,1,0,1,1,0,2,0,0,2,1,1,1,3,2,2,1,1,2,1,3,2
217,217,0,0,0,2,5,2,1,0,0,1,0,0,0,0,2,1,1,1,2,2,2,0,2,1,1,3,1
218,218,0,0,0,2,6,2,4,0,1,0,0,0,1,0,2,1,1,1,3,3,2,1,2,1,1,3,2
219,219,0,1,0,0,6,2,1,0,0,0,0,2,0,0,2,1,1,3,4,4,2,0,2,0,1,3,2
220,220,0,3,0,1,6,2,1,0,1,1,0,1,0,0,2,1,1,1,4,5,2,0,2,1,1,3,2
221,221,0,0,0,0,1,0,2,0,2,1,0,2,1,1,2,1,1,1,3,3,2,0,2,0,1,3,2
222,222,0,0,0,0,9,2,2,0,2,0,0,2,1,0,2,1,1,1,0,0,2,0,1,2,1,0,2
223,223,0,0,0,0,5,2,3,0,2,0,0,2,1,0,2,0,1,1,1,0,0,2,2,0,1,0,2
224,224,0,1,0,0,7,2,1,0,2,0,0,2,1,0,2,1,1,1,4,4,2,1,2,0,1,3,2
225,225,0,1,0,0,9,2,1,1,2,1,0,2,0,0,2,1,1,1,3,3,2,1,2,1,1,0,2
226,226,0,1,0,0,1,0,2,1,2,1,0,2,0,0,2,1,1,1,5,4,2,0,2,0,1,3,2
227,227,0,2,0,0,9,2,1,1,2,0,0,2,1,0,2,1,1,1,4,0,2,1,2,0,1,3,2
228,228,0,2,0,1,9,2,1,0,2,0,0,2,1,0,2,1,1,1,4,5,2,0,1,2,1,3,2
229,229,0,2,0,0,1,0,2,0,2,0,0,2,1,0,2,1,1,1,2,2,2,1,2,1,1,0,2
230,230,0,2,0,0,9,2,1,0,2,0,0,2,1,0,2,1,1,3,4,4,2,0,2,1,1,3,2
231,231,0,2,0,0,9,2,1,0,2,0,0,2,1,0,2,1,1,1,4,4,2,1,2,1,1,3,2
232,232,0,2,0,1,1,0,2,0,2,0,0,2,1,0,2,1,1,1,0,0,2,0,2,1,1,3,2
233,233,0,3,0,1,1,0,1,0,2,0,0,2,0,0,2,1,1,1,4,4,2,1,2,0,1,3,2
234,234,0,3,0,0,7,2,1,0,2,0,0,2,1,0,2,1,1,1,2,0,2,1,2,2,1,3,2
235,235,0,3,0,0,9,2,1,0,2,0,0,2,0,0,2,1,1,1,5,3,2,1,2,1,1,3,2
236,236,0,3,0,1,1,0,4,0,2,0,0,2,1,0,2,1,1,1,5,5,2,0,2,0,1,3,2
237,237,0,0,0,2,5,2,1,0,1,0,0,0,1,0,2,1,1,1,4,4,2,0,2,0,1,3,2
238,238,0,0,0,1,7,2,2,0,1,0,0,1,0,0,2,1,1,1,5,5,2,0,2,1,1,3,2
239,239,0,0,0,2,1,0,2,0,1,1,0,1,0,0,2,1,1,3,3,2,2,1,2,1,1,0,2
240,240,0,0,0,1,9,2,2,0,0,1,0,1,1,0,2,1,1,1,0,3,2,1,2,1,1,3,2
241,241,0,0,0,2,7,2,1,0,0,1,0,0,0,0,2,1,1,1,0,3,2,0,2,1,1,3,2
242,242,0,0,0,2,7,2,1,0,1,1,0,0,0,0,2,1,1,1,3,3,2,1,2,1,1,3,2
243,243,0,0,0,2,1,0,2,0,1,1,0,0,0,0,2,1,1,0,4,4,2,1,2,0,1,3,1
244,244,0,0,0,2,9,2,1,0,1,1,0,0,0,0,2,1,1,1,0,3,2,0,2,1,1,3,2
245,245,0,0,0,2,0,2,1,0,1,1,0,0,0,0,2,1,1,1,4,4,2,0,2,1,1,3,1
246,246,0,0,0,1,7,2,1,0,1,0,0,1,0,0,2,1,1,1,3,3,2,1,2,1,1,3,2
247,247,0,0,0,0,9,2,0,0,1,1,0,2,0,0,2,1,1,1,4,4,2,0,2,1,1,3,2
248,248,0,0,0,2,9,2,2,0,1,1,0,0,0,0,2,1,1,1,3,2,2,1,2,1,1,0,1
249,249,0,0,0,1,9,2,1,0,1,1,0,1,0,0,2,1,1,1,3,2,2,1,2,1,1,0,2
250,250,0,1,0,2,7,2,2,0,0,1,0,0,1,0,2,1,1,0,3,3,2,1,2,1,1,3,2
251,251,0,1,0,2,7,2,1,0,0,1,0,0,1,0,2,1,1,1,4,3,2,1,2,1,1,3,1
252,252,0,1,0,1,6,2,1,0,0,0,0,1,0,0,2,1,0,1,4,1,2,0,0,2,1,3,2
253,253,0,1,0,2,9,2,1,1,1,0,0,0,1,0,2,1,1,1,4,4,2,1,2,0,1,3,2
254,254,0,1,0,2,7,2,1,0,0,1,0,0,1,0,2,1,1,1,2,2,2,1,2,1,1,3,0
255,255,0,1,0,2,5,2,1,0,0,1,0,0,1,0,2,1,1,1,4,2,2,0,2,0,1,3,2
256,256,0,1,0,2,9,2,1,0,0,1,0,0,0,1,1,1,1,3,4,3,2,1,1,2,1,3,2
257,257,0,1,0,1,9,2,1,1,1,1,0,1,1,0,2,1,1,1,3,0,2,1,2,1,1,3,2
258,258,0,1,0,0,0,2,1,0,0,0,0,2,1,0,2,1,1,1,4,0,2,0,2,1,1,3,2
259,259,0,1,0,1,0,2,3,0,0,1,0,1,1,0,2,1,1,1,3,3,2,1,2,1,1,0,2
260,260,0,1,0,0,7,2,1,0,0,0,0,2,1,0,2,1,0,1,5,1,1,2,0,2,1,3,2
261,261,0,2,0,0,1,0,2,0,0,0,0,2,0,0,2,0,0,4,1,1,0,2,0,2,1,0,1
262,262,0,2,0,0,9,2,1,0,1,0,0,2,1,1,1,1,1,1,5,3,2,1,2,1,1,3,2
263,263,0,2,0,1,9,2,1,0,1,0,0,1,1,0,2,1,1,1,3,3,2,0,2,1,1,3,2
264,264,0,3,0,0,0,2,1,0,1,0,0,2,1,0,2,1,1,1,3,3,2,1,2,1,1,0,2
265,265,0,3,0,1,5,2,1,1,1,0,0,1,1,0,2,1,1,1,5,5,2,0,2,1,1,3,2
266,266,0,3,0,2,1,0,2,0,1,1,0,0,1,0,2,0,1,1,1,4,0,2,2,0,1,3,2
267,267,0,3,0,1,7,2,2,0,1,0,0,2,1,0,2,1,1,1,4,4,2,1,2,0,1,3,2
268,268,0,3,0,1,7,2,1,0,1,0,0,1,1,1,2,1,1,1,4,4,2,0,2,0,1,3,2
269,269,0,3,0,2,7,2,1,0,1,1,0,0,1,0,2,1,1,1,5,0,2,0,2,0,1,3,2
270,270,0,3,0,1,0,2,1,0,1,1,0,1,0,1,2,1,1,1,3,3,2,1,2,1,1,3,2
271,271,0,3,0,0,9,2,2,0,1,0,0,2,1,0,2,1,1,1,2,5,2,0,2,0,1,3,2
272,272,0,1,0,1,0,2,2,1,2,0,0,1,1,0,2,1,1,1,0,0,2,1,2,1,1,3,2
273,273,0,1,0,2,1,0,2,1,1,1,0,0,1,1,0,1,1,1,3,3,1,2,1,2,1,3,1
274,274,0,3,0,2,1,0,2,1,1,1,0,0,1,0,2,1,1,1,3,3,1,2,1,2,1,3,1
275,275,1,0,0,0,7,2,1,0,1,1,0,1,0,1,0,1,1,1,3,0,2,0,2,0,1,2,2
276,276,1,0,0,1,7,2,3,0,1,1,0,1,0,0,2,1,1,1,4,4,2,1,2,1,1,3,2
277,277,1,0,0,2,1,0,2,0,1,0,0,0,0,0,2,1,1,1,0,3,2,1,2,1,1,3,2
278,278,1,2,0,0,7,2,1,0,2,0,0,2,1,0,2,1,1,1,4,4,2,1,2,0,1,3,2
279,279,0,1,0,0,1,0,1,0,0,0,1,2,0,0,2,1,1,1,0,0,2,1,2,1,1,3,2
280,280,0,2,0,0,1,0,4,0,1,0,1,2,1,0,2,1,1,1,3,3,2,1,1,2,1,3,2
281,281,0,2,0,1,9,2,1,0,2,0,0,2,1,0,2,0,1,1,1,4,0,2,2,1,1,3,2
282,282,0,0,0,1,9,2,1,0,0,1,0,1,1,1,0,1,1,2,0,3,1,2,1,2,1,3,2
283,283,0,2,0,0,5,2,1,0,2,1,0,2,1,1,1,0,1,1,1,5,0,2,2,1,1,3,0
284,284,0,3,0,1,1,0,3,0,1,1,0,0,0,0,2,1,1,2,4,4,2,0,2,0,1,3,2
285,285,0,3,0,1,1,0,1,1,1,1,0,0,1,0,2,1,1,0,3,3,1,2,1,2,1,3,1
286,286,0,1,0,1,1,0,2,0,0,1,0,0,1,0,2,1,1,1,2,2,2,1,2,0,1,3,2
287,287,0,3,0,1,1,0,2,0,2,0,0,0,0,0,2,1,1,1,4,4,2,0,2,0,1,3,2
288,288,0,0,0,1,5,2,1,1,1,0,0,1,0,0,2,1,1,1,4,4,2,1,2,1,1,0,2
289,289,0,1,0,2,7,2,0,1,1,0,0,0,1,0,2,1,1,1,0,3,2,0,2,1,1,3,2
290,290,0,0,0,0,1,0,1,0,2,0,0,2,1,0,2,1,1,1,4,4,2,1,2,0,1,3,2
291,291,0,0,0,0,9,2,2,1,2,1,0,2,0,0,2,1,1,1,5,5,2,0,2,0,1,3,2
292,292,0,0,0,0,6,2,3,0,2,1,0,2,0,0,2,1,1,1,4,4,2,0,2,0,1,3,2
293,293,0,0,0,0,0,2,1,0,2,0,0,2,1,0,2,1,1,1,5,0,2,0,2,0,1,3,2
294,294,0,0,0,0,9,2,1,0,2,0,0,2,1,0,2,1,1,1,0,0,2,0,1,2,1,3,2
295,295,0,0,0,0,9,2,1,0,2,0,0,2,1,0,2,0,1,3,1,4,0,2,2,0,1,3,2
296,296,0,0,0,0,1,0,3,0,2,0,0,2,0,1,2,1,1,1,5,0,2,0,2,0,1,3,2
297,297,0,0,0,0,9,2,1,0,2,1,0,2,0,0,1,1,1,1,0,0,2,0,2,0,1,3,2
298,298,0,0,0,0,9,2,2,0,2,1,0,2,0,0,2,1,1,3,4,4,2,1,2,1,1,3,2
299,299,0,1,0,0,1,0,1,0,2,0,0,2,0,0,0,1,1,3,5,4,1,2,2,1,1,3,2
300,300,0,1,0,0,9,2,1,0,2,0,0,2,1,0,2,1,1,1,5,4,2,0,2,0,1,3,2
301,301,0,1,0,0,9,2,1,0,2,0,0,2,0,1,0,1,1,1,0,0,1,2,2,0,1,2,2
302,302,0,1,0,0,9,2,1,0,2,0,0,2,1,0,2,1,1,1,4,0,2,0,2,0,1,3,2
303,303,0,1,0,0,1,0,1,1,2,0,0,2,1,1,1,1,1,1,0,4,2,0,2,0,1,3,2
304,304,0,1,0,0,1,0,1,0,2,0,0,2,1,0,2,1,1,1,5,4,2,0,2,0,1,3,2
305,305,0,1,0,0,5,2,1,0,2,0,0,2,1,0,2,1,1,1,0,0,2,0,2,0,1,3,2
306,306,0,1,0,1,9,2,1,0,2,1,0,2,1,0,2,1,1,1,5,0,2,0,2,0,1,3,2
307,307,0,1,0,0,9,2,1,0,2,1,0,2,0,1,2,1,1,1,2,4,2,1,2,1,1,3,2
308,308,0,1,0,0,1,0,1,0,2,0,0,2,1,0,2,1,1,1,0,0,2,1,2,1,1,3,2
309,309,0,1,0,0,9,2,1,0,2,0,0,2,0,1,0,1,1,3,4,4,2,1,2,1,1,0,2
310,310,0,1,0,0,9,2,1,0,2,0,0,2,1,0,2,1,1,1,3,3,2,1,2,1,1,3,2
311,311,0,1,0,0,9,2,1,0,2,0,0,2,1,1,2,1,1,1,4,5,2,1,2,1,1,0,2
312,312,0,1,0,1,9,2,1,0,2,0,0,2,1,0,0,1,1,3,4,5,1,2,2,0,1,3,2
313,313,0,1,0,0,1,0,1,0,2,1,0,2,1,1,2,1,0,1,4,1,2,1,0,2,1,3,2
314,314,0,1,0,0,5,2,1,0,2,0,0,2,1,0,2,1,1,1,4,4,2,2,2,2,1,3,2
315,315,0,2,0,0,1,0,2,0,2,1,0,2,0,1,2,1,1,1,4,0,2,0,1,2,1,1,2
316,316,0,2,0,0,6,2,1,0,2,0,0,2,0,0,1,1,1,1,5,4,2,0,1,2,1,3,2
317,317,0,2,0,0,1,0,1,0,2,0,0,2,1,0,2,1,1,1,5,4,2,0,2,0,1,3,2
318,318,0,3,0,0,1,2,1,0,2,0,0,2,1,0,2,1,1,1,4,4,2,0,2,0,1,3,2
319,319,0,3,0,0,9,2,2,0,2,0,0,2,1,0,2,0,1,0,1,3,0,2,2,2,1,1,2
320,320,0,3,0,1,9,2,4,0,2,1,0,2,0,1,1,1,1,1,5,4,2,0,2,0,1,3,2
321,321,0,3,0,0,9,2,1,0,2,0,0,2,0,0,2,1,1,3,3,4,2,1,2,0,1,0,2
322,322,0,3,0,1,9,2,1,0,2,0,0,2,0,0,2,1,1,1,4,0,2,0,2,0,1,3,2
323,323,0,3,0,0,6,2,1,0,2,1,0,2,0,0,2,1,1,1,3,3,2,2,2,2,1,1,2
324,324,0,3,0,0,7,2,1,0,2,1,0,2,1,0,2,1,1,1,4,4,2,0,2,0,1,0,2
325,325,0,3,0,0,9,2,1,1,2,1,0,2,0,0,2,1,1,1,4,4,2,0,2,1,1,3,2
326,326,0,3,0,0,9,2,2,0,2,0,0,2,0,0,2,1,1,1,0,0,2,1,2,0,0,1,2
327,327,0,3,0,1,9,2,0,0,2,0,0,2,1,0,2,1,1,1,4,4,2,1,2,0,1,3,2
328,328,0,3,0,0,9,2,1,0,2,0,0,2,0,0,2,1,1,1,4,5,2,0,1,2,1,3,2
329,329,0,0,0,0,9,2,1,0,1,1,0,2,0,0,0,1,1,1,3,5,2,0,2,0,1,3,2
330,330,0,0,0,0,9,2,2,0,1,0,0,2,0,0,2,1,1,1,2,4,2,0,2,0,1,3,2
331,331,0,0,0,1,9,2,1,0,1,1,0,1,0,0,2,1,1,1,3,3,2,1,2,1,1,3,2
332,332,0,0,0,0,9,2,1,0,1,0,0,2,1,1,2,1,1,1,0,3,2,1,1,2,1,3,2
333,333,0,0,0,1,9,2,3,0,0,1,0,2,0,1,1,1,1,1,0,0,2,1,2,1,1,2,2
334,334,0,0,0,2,9,2,1,0,1,0,0,0,1,0,2,1,1,1,4,0,2,0,2,1,1,3,2
335,335,0,0,0,1,9,2,1,0,1,1,0,1,0,1,0,1,1,1,2,2,2,1,2,1,1,3,2
336,336,0,0,0,2,9,2,1,1,1,1,0,0,0,0,2,1,0,1,0,1,2,1,0,2,1,0,2
337,337,0,0,0,1,9,2,4,0,1,1,0,1,1,0,2,1,1,1,0,0,2,1,2,1,1,0,2
338,338,0,0,0,1,9,2,1,0,1,0,0,2,0,1,1,1,1,1,5,0,2,0,2,1,1,3,2
339,339,0,0,0,1,9,2,1,0,1,0,0,1,0,0,2,1,1,1,4,4,2,0,2,0,1,3,2
340,340,0,1,0,2,9,2,2,0,0,1,0,0,1,0,2,0,1,1,1,0,0,2,2,1,1,3,2
341,341,0,1,0,1,9,2,2,0,0,0,0,1,1,0,2,1,1,1,4,2,2,0,2,0,1,3,2
342,342,0,1,0,2,1,0,1,0,0,0,0,0,1,0,2,1,1,1,4,0,2,1,2,0,1,3,2
343,343,0,1,0,0,9,2,1,0,0,0,0,2,1,0,2,1,1,1,4,4,2,0,2,0,1,3,2
344,344,0,1,0,2,9,2,2,1,1,1,0,0,1,0,2,1,1,1,4,4,2,0,2,0,1,3,2
345,345,0,1,0,2,1,0,2,0,0,1,0,0,1,0,1,1,1,1,5,0,2,1,2,0,1,3,1
346,346,0,1,0,1,9,2,1,1,1,0,0,1,1,1,2,1,1,1,4,4,2,0,1,2,1,0,2
347,347,0,1,0,2,9,2,1,0,0,0,0,0,1,0,2,1,1,1,4,4,2,1,2,0,1,3,2
348,348,0,1,0,0,9,2,2,0,0,0,0,2,1,0,2,1,1,1,2,4,2,1,2,0,1,3,2
349,349,0,1,0,0,9,2,1,0,0,1,0,2,1,0,2,1,1,1,5,0,2,0,2,1,1,3,2
350,350,0,1,0,2,9,2,1,0,0,1,0,0,0,1,0,1,1,1,4,0,2,0,2,1,1,3,2
351,351,0,1,0,1,9,2,4,0,0,1,0,1,1,0,2,1,1,1,0,5,2,1,2,0,1,3,1
352,352,0,1,0,1,9,2,1,0,0,1,0,1,1,1,2,1,1,1,0,0,2,1,2,1,1,3,2
353,353,0,1,0,2,9,2,1,0,0,0,0,0,1,0,2,0,1,1,1,3,0,2,2,1,1,3,2
354,354,0,1,0,0,1,0,1,0,0,0,0,2,1,0,2,1,1,1,4,4,2,1,2,1,1,3,2
355,355,0,2,0,1,1,0,1,0,1,0,0,1,1,0,2,1,1,1,4,4,2,0,2,0,1,0,2
356,356,0,2,0,1,9,2,2,0,1,0,0,1,1,1,0,1,1,1,5,5,2,1,2,1,1,0,2
357,357,0,2,0,1,9,2,3,0,1,0,0,1,0,0,2,1,1,1,2,2,2,0,2,0,1,3,2
358,358,0,2,0,1,9,2,1,0,0,0,0,2,0,0,2,1,1,1,4,4,2,1,2,0,1,3,2
359,359,0,2,0,0,9,2,1,0,1,0,0,2,1,0,2,0,1,1,1,3,0,2,2,1,1,3,2
360,360,0,2,0,1,1,0,1,0,0,0,0,2,1,0,0,1,1,1,4,4,2,0,1,2,1,3,2
361,361,0,3,0,1,0,2,1,0,1,0,0,2,1,1,0,1,1,0,4,2,2,1,1,2,1,0,2
362,362,0,3,0,1,9,2,1,0,1,1,0,1,0,1,2,1,1,1,4,5,2,1,2,0,1,3,2
363,363,0,3,0,0,1,0,1,0,1,0,0,2,1,0,2,1,1,1,4,4,2,0,2,0,1,3,2
364,364,0,3,0,0,9,2,2,0,1,0,0,2,1,0,2,1,1,1,2,2,2,0,2,1,1,3,2
365,365,0,3,0,0,9,2,1,0,1,0,0,2,1,1,0,0,1,3,1,0,0,2,2,1,1,3,0
366,366,0,3,0,0,5,2,1,0,1,0,0,2,1,0,2,1,1,0,4,4,2,0,2,0,1,3,2
367,367,0,3,0,1,1,0,2,1,2,1,0,1,1,0,1,1,1,1,0,0,2,1,2,1,1,3,2
368,368,0,3,0,1,9,2,1,0,2,1,0,1,0,0,2,1,1,1,3,3,2,1,2,1,1,3,2
369,369,0,3,0,2,9,2,1,0,0,1,1,0,1,1,2,1,1,1,4,4,2,0,2,0,1,3,2
370,370,0,3,0,1,1,0,2,0,1,0,0,1,1,1,0,1,1,1,0,3,2,1,2,1,1,2,2
371,371,0,3,0,2,9,2,1,0,1,1,0,1,0,0,2,0,0,2,1,1,0,2,0,2,1,3,2
372,372,0,3,0,2,9,2,4,0,0,1,0,0,1,0,2,1,1,0,4,5,2,1,2,0,1,3,2
373,373,0,0,0,0,9,2,2,1,0,0,0,2,1,1,1,1,1,1,3,5,1,2,2,0,1,0,2
374,374,0,1,0,0,5,2,1,1,0,0,0,2,1,0,2,1,1,1,4,5,2,1,2,0,1,3,2
375,375,1,0,0,2,4,2,3,0,1,0,0,0,1,0,2,1,1,1,2,4,2,1,2,1,1,3,2
376,376,1,0,0,0,8,2,2,0,2,0,0,2,0,0,2,1,1,3,4,4,2,1,2,0,1,3,2
377,377,1,0,0,1,3,0,2,0,2,1,0,1,1,0,2,0,1,1,1,5,0,2,2,0,1,3,2
378,378,0,2,0,0,7,2,1,0,2,0,0,2,0,0,2,1,1,1,2,4,2,0,2,0,1,3,2
379,379,0,0,0,0,0,2,2,0,2,1,1,2,0,0,2,1,1,1,4,4,2,0,2,1,1,3,2
380,380,0,0,0,1,7,2,1,0,1,1,1,1,0,0,2,1,1,1,3,0,2,1,1,2,1,3,2
381,381,0,0,0,1,6,2,1,0,2,1,1,2,0,0,2,1,1,1,4,3,2,0,2,1,1,3,2
382,382,1,0,0,1,3,1,1,0,2,1,1,2,0,0,2,1,1,1,3,2,2,1,1,2,1,3,2
383,383,0,1,0,2,6,2,1,0,1,1,1,0,1,0,2,1,1,1,3,3,2,1,2,1,1,3,2
384,384,0,3,0,1,6,2,1,0,1,0,1,1,0,0,2,1,1,0,3,3,2,0,2,0,1,3,2
385,385,0,3,0,1,1,0,2,0,1,0,1,1,1,0,2,1,1,1,0,4,2,0,2,0,1,3,2
386,386,0,0,0,2,1,0,2,0,1,1,1,0,0,0,1,1,1,1,3,3,2,1,2,1,1,3,1
387,387,1,0,0,0,4,0,2,0,2,0,1,2,0,0,2,1,1,1,5,3,2,1,2,1,1,0,2
388,388,0,3,0,0,0,2,1,0,2,1,1,2,0,0,2,1,1,1,4,4,2,0,2,0,1,3,2
389,389,0,0,0,2,9,2,1,1,2,1,1,0,1,0,0,1,1,4,3,4,2,0,2,0,1,0,2
390,390,0,0,0,2,0,2,1,0,1,1,1,0,0,0,2,1,1,1,3,3,2,1,2,1,1,3,1
391,391,0,0,0,1,9,2,1,1,1,1,1,1,0,0,2,1,1,1,3,3,2,2,2,2,0,1,2
392,392,0,3,0,1,1,0,2,0,1,1,1,1,1,0,2,1,1,1,4,0,2,0,2,0,1,3,2
393,393,1,0,0,2,3,0,2,0,2,1,1,0,0,1,0,1,1,1,0,0,2,1,1,2,1,1,1
394,394,0,0,0,1,9,2,1,0,1,1,1,2,0,0,2,1,1,1,1,1,0,2,0,2,1,1,2
395,395,0,0,0,0,7,2,1,0,2,1,1,2,0,0,2,1,1,1,2,0,2,0,2,0,1,3,2
396,396,0,0,0,0,7,2,1,0,2,1,1,2,0,0,2,1,1,1,3,3,2,0,2,0,1,3,2
397,397,1,0,0,1,4,2,1,0,2,0,1,1,0,0,0,1,1,1,0,4,2,0,1,2,1,0,1
398,398,0,2,0,2,6,2,1,0,1,0,0,0,1,0,0,0,1,2,1,3,0,2,2,1,1,3,0
399,399,0,0,0,2,0,2,1,0,1,1,1,0,1,1,0,1,1,0,2,2,2,0,1,2,1,0,1
400,400,0,0,0,2,6,2,1,0,0,1,1,1,1,1,1,1,1,0,2,2,2,1,2,1,1,0,2
401,401,0,1,0,1,9,2,3,0,0,1,1,1,0,0,2,1,1,1,4,4,2,0,2,0,1,3,2
402,402,1,0,0,2,8,2,1,0,1,1,1,0,0,0,2,1,1,1,0,2,2,0,1,2,1,0,1
403,403,1,0,0,1,8,0,2,0,0,1,1,0,1,0,2,1,1,1,0,3,2,1,2,1,1,3,2
404,404,0,3,0,1,1,0,2,0,1,1,1,0,1,0,2,1,1,1,0,3,2,0,2,0,1,3,2
405,405,0,0,0,2,9,2,1,0,1,1,1,0,1,1,0,1,0,0,0,1,2,1,0,2,1,2,0
406,406,1,0,0,2,8,2,3,0,0,1,1,0,1,1,0,1,1,4,0,0,2,0,2,0,1,0,1
407,407,1,0,0,2,8,2,1,0,1,1,1,0,1,1,2,1,1,1,3,2,2,1,2,1,1,0,0
408,408,1,0,0,1,8,2,0,0,1,0,1,1,0,0,2,1,1,1,2,2,2,1,2,1,1,0,2
409,409,0,0,0,1,0,2,1,0,0,1,1,0,0,0,2,1,1,3,0,4,1,2,2,0,1,3,2
410,410,0,0,0,2,6,2,1,0,1,1,1,0,1,0,2,1,1,1,4,3,2,0,2,1,1,3,2
411,411,0,0,0,2,1,0,2,0,0,1,1,0,0,0,2,1,1,1,4,5,2,0,1,2,1,0,2
412,412,0,1,0,2,6,2,1,0,0,1,1,0,1,1,0,1,1,4,3,3,2,0,1,2,1,0,1
413,413,0,1,0,2,2,2,2,0,0,1,1,0,1,1,0,1,1,4,0,3,2,1,1,2,1,3,1
414,414,0,1,0,2,9,2,1,0,0,1,1,0,1,1,0,1,1,4,3,2,2,1,2,1,0,1,1
415,415,0,1,0,2,2,2,1,0,0,1,0,0,1,0,2,1,1,1,3,3,2,0,2,1,1,3,2
416,416,0,1,0,1,9,2,1,1,1,0,1,1,1,0,2,1,1,1,3,3,2,1,2,1,1,3,2
417,417,1,0,0,1,8,2,3,0,2,1,1,2,1,0,2,0,1,3,1,3,0,2,2,0,1,3,2
418,418,1,0,0,0,8,1,1,0,2,1,1,2,1,0,2,1,1,1,0,0,2,0,2,1,1,0,2
419,419,1,0,0,0,8,2,1,0,2,1,1,2,0,0,2,1,1,1,3,3,2,0,2,0,1,3,2
420,420,1,0,0,0,8,2,1,0,2,1,1,2,0,0,2,1,1,1,3,3,2,1,2,0,1,3,2
421,421,1,0,0,0,8,0,2,0,2,0,1,2,1,0,2,1,1,1,4,0,2,0,2,1,1,3,2
422,422,1,0,0,1,8,1,1,0,2,1,1,2,0,0,2,1,1,1,4,3,2,0,2,0,1,3,2
423,423,0,0,0,0,0,2,1,0,2,1,1,2,0,0,2,1,1,1,4,4,2,0,2,0,1,3,2
424,424,1,0,0,1,8,2,1,0,2,0,1,2,1,0,2,1,1,1,5,0,2,1,1,2,1,3,2
425,425,1,0,0,0,8,0,3,0,2,1,1,2,0,0,2,1,1,1,4,3,2,0,2,1,1,3,2
426,426,0,0,0,0,5,2,1,0,2,1,1,2,0,0,2,1,1,1,5,0,2,0,2,0,1,0,2
427,427,1,0,0,0,8,2,4,0,2,1,1,2,1,0,2,1,1,1,4,4,2,1,2,0,1,3,2
428,428,1,0,0,0,8,2,1,0,2,1,1,2,0,0,2,1,1,1,0,0,2,0,2,0,1,0,2
429,429,1,0,0,2,8,2,1,0,1,1,1,0,0,0,2,1,1,1,0,2,2,0,2,1,1,3,2
430,430,1,0,0,1,8,2,1,0,0,1,1,2,0,1,2,1,1,1,4,4,2,1,2,1,1,3,2
431,431,1,0,0,1,8,2,1,0,1,1,1,1,0,0,2,1,1,0,4,0,2,1,2,1,1,3,2
432,432,1,0,0,1,8,2,3,0,1,0,1,1,1,0,2,1,1,1,4,0,2,0,2,0,1,3,2
433,433,1,0,0,2,8,2,1,0,1,1,1,0,1,0,2,1,1,1,5,0,2,0,2,1,1,3,1
434,434,1,0,0,0,8,2,1,0,0,0,1,2,0,0,0,1,1,1,5,4,2,0,2,1,1,3,2
435,435,1,0,0,2,8,0,3,0,1,1,1,0,0,0,2,1,1,1,5,3,2,0,2,1,1,0,2
436,436,1,0,0,2,8,2,1,0,1,1,1,0,0,1,0,1,1,0,5,3,2,1,2,1,1,3,0
437,437,1,0,0,0,8,2,1,0,0,1,1,2,1,0,2,1,1,1,3,3,2,1,2,1,1,0,2
438,438,0,0,0,0,1,2,2,0,1,1,1,1,0,1,2,1,1,1,3,3,2,0,2,0,1,0,2
439,439,1,0,0,1,8,0,2,0,0,0,1,1,0,0,2,1,1,1,4,4,2,0,2,0,1,3,2
440,440,0,0,0,0,8,2,1,0,1,1,1,2,0,0,2,1,1,1,0,3,2,0,2,1,1,3,2
441,441,1,0,0,0,8,2,1,0,1,1,1,2,0,0,2,1,1,3,0,0,2,0,2,0,1,3,2
442,442,1,0,0,2,8,2,1,0,1,1,1,0,1,0,2,1,1,1,0,3,2,1,2,1,1,3,2
443,443,1,0,0,2,8,0,2,0,1,1,1,0,0,1,0,1,1,1,2,2,2,1,1,2,1,0,1
444,444,1,0,0,2,8,0,3,0,1,1,1,1,0,0,0,1,1,1,2,2,2,1,1,2,1,3,2
445,445,1,0,0,2,8,1,1,0,0,1,1,0,0,0,1,1,1,1,3,3,2,0,2,1,1,3,2
446,446,0,0,0,1,9,2,1,0,0,1,1,1,0,0,2,1,1,1,3,3,2,1,2,1,1,0,2
447,447,1,0,0,2,8,2,1,0,1,1,1,0,0,0,2,1,1,1,5,5,2,1,2,1,1,2,1
448,448,1,0,0,2,8,2,1,0,1,1,1,0,1,0,2,1,1,1,2,2,2,1,2,1,1,0,2
449,449,1,0,0,1,8,2,3,0,1,1,1,2,1,1,0,1,1,1,0,0,2,0,2,1,1,2,2
450,450,1,0,0,1,8,2,1,0,0,1,1,1,1,0,2,1,1,1,0,3,2,0,2,1,0,1,2
451,451,1,0,0,2,8,0,3,0,1,1,1,0,1,0,2,1,1,1,2,2,2,1,2,1,1,0,2
452,452,0,0,0,2,7,2,2,0,1,1,1,0,1,1,2,1,1,1,4,0,2,1,2,1,1,3,2
453,453,1,0,0,2,8,2,3,0,0,1,1,0,0,0,2,0,0,2,1,1,0,2,0,2,1,3,1
454,454,1,0,0,1,8,2,3,0,1,1,1,1,1,0,2,1,1,1,4,4,2,0,2,0,1,3,2
455,455,1,0,0,0,8,2,1,0,0,1,1,1,0,0,2,1,1,1,5,4,2,1,2,0,1,0,2
456,456,1,0,0,2,8,2,1,0,0,1,1,0,1,1,2,1,1,3,0,2,1,2,2,1,1,3,1
457,457,0,0,0,2,0,2,1,0,1,1,1,0,1,0,2,1,1,1,0,0,2,0,2,1,1,3,2
458,458,1,0,0,1,8,2,1,0,0,1,1,1,1,0,2,1,1,1,0,0,2,0,2,1,1,3,2
459,459,0,0,0,2,0,2,1,0,1,1,1,1,1,0,2,1,1,1,0,0,2,0,1,2,0,1,2
460,460,0,0,0,2,5,2,1,0,1,1,1,0,1,1,1,1,1,2,0,3,2,0,1,2,1,0,2
461,461,0,0,0,1,6,2,2,0,0,1,1,1,0,0,2,1,1,1,4,4,2,0,2,0,1,0,2
462,462,0,0,0,0,1,0,2,0,0,0,1,2,0,0,2,1,1,2,5,4,2,1,2,0,1,3,2
463,463,0,1,0,0,9,2,2,0,0,0,1,2,1,0,2,1,1,1,5,4,2,1,2,1,1,0,2
464,464,1,0,0,2,8,2,1,0,1,1,1,0,1,0,2,1,0,1,3,1,2,1,0,2,1,3,1
465,465,1,0,0,2,8,2,1,0,1,1,1,0,1,0,2,1,1,1,2,2,2,1,2,1,1,0,2
466,466,0,1,0,2,9,2,3,0,0,1,1,0,1,1,0,1,1,2,0,3,2,0,2,1,1,0,2
467,467,1,0,0,2,8,2,1,0,1,1,1,0,0,0,2,1,1,1,3,0,2,0,2,0,1,3,2
468,468,0,2,0,0,1,0,1,0,1,1,1,2,1,0,2,1,1,1,4,4,2,0,2,1,1,3,2
469,469,1,0,0,0,8,2,1,0,2,1,1,2,0,0,2,1,1,1,3,3,2,1,2,1,1,0,2
470,470,0,2,0,2,1,0,1,0,1,1,1,0,1,0,2,1,1,1,0,3,2,1,2,1,1,0,2
471,471,1,0,0,2,4,2,4,0,1,1,1,0,1,0,0,1,1,1,3,2,2,2,2,2,1,1,1
472,472,0,0,0,1,5,2,1,0,2,1,1,2,0,0,2,1,1,1,0,0,2,0,2,0,1,3,2
473,473,0,0,0,1,1,0,4,0,1,1,1,1,0,0,2,1,0,0,4,1,2,0,0,2,1,3,2
474,474,0,1,0,2,0,2,1,1,0,1,1,0,1,1,0,1,1,2,2,2,1,2,1,2,1,3,1
475,475,0,1,0,2,1,0,1,0,0,1,1,0,1,1,1,1,0,2,3,1,2,1,0,2,1,3,1
476,476,0,1,0,2,7,2,2,0,0,1,1,0,1,0,2,1,0,2,3,1,2,1,0,2,1,3,1
477,477,0,0,0,2,1,0,2,0,1,1,1,0,0,1,2,1,1,1,0,3,2,0,2,1,1,3,2
478,478,0,2,0,0,1,0,1,0,1,0,1,1,1,0,1,1,1,2,0,4,2,0,2,0,1,3,2
479,479,1,0,0,1,4,0,2,0,1,1,1,0,1,0,2,1,1,1,4,4,2,0,2,0,1,0,2
480,480,0,1,0,1,1,0,1,0,0,1,1,1,1,0,2,1,1,1,5,3,2,1,1,2,1,0,2
481,481,0,1,0,0,9,2,1,0,2,0,1,2,1,1,0,1,1,0,3,3,2,1,2,1,1,3,2
482,482,0,0,0,2,5,2,1,0,1,1,1,0,0,0,2,1,1,1,0,3,2,1,2,1,1,3,2
483,483,0,0,0,1,5,2,1,0,0,0,1,1,0,0,1,1,1,1,5,5,2,0,1,2,1,3,2
484,484,0,0,0,0,0,2,1,0,1,1,1,2,0,1,0,1,1,1,0,3,2,0,2,1,1,3,2
485,485,0,0,0,2,1,0,2,0,1,1,1,0,1,1,1,1,1,0,2,2,2,0,2,0,1,3,1
486,486,0,0,0,2,0,2,1,0,0,1,1,0,1,0,0,1,1,2,3,3,2,1,2,1,1,3,1
487,487,0,0,0,2,9,2,2,0,1,1,1,0,0,0,2,1,1,1,3,0,2,1,2,0,1,3,1
488,488,0,1,0,2,5,2,1,1,1,1,1,0,1,0,2,1,1,1,3,3,2,0,1,2,1,0,2
489,489,0,1,0,2,6,2,1,0,0,1,1,0,1,0,2,1,1,1,3,3,2,1,2,1,1,3,2
490,490,0,2,0,1,9,2,1,0,1,0,1,1,1,0,2,1,1,1,2,4,2,1,2,1,1,3,2
491,491,0,2,0,1,1,0,1,0,1,1,1,1,1,0,2,1,1,1,2,2,2,0,2,0,0,1,2
492,492,0,2,0,0,1,0,1,0,1,1,1,2,1,0,2,1,1,1,4,4,2,0,2,1,1,3,2
493,493,1,0,0,0,4,2,2,0,2,0,1,2,0,0,0,1,1,3,3,3,2,1,2,1,1,3,2
494,494,1,0,0,0,4,2,1,0,2,1,1,2,0,0,2,1,1,1,3,3,2,1,2,0,1,0,2
495,495,1,0,0,0,4,2,1,0,2,1,1,2,1,0,0,1,1,1,5,4,2,1,2,0,1,0,2
496,496,1,0,0,0,4,2,3,0,2,1,1,2,0,1,0,1,1,1,3,3,2,0,2,1,1,3,2
497,497,1,0,0,1,4,2,1,0,2,1,1,2,0,0,2,1,1,1,2,2,2,1,2,1,1,0,2
498,498,1,0,0,0,4,2,1,0,2,0,1,2,1,0,2,1,1,1,3,3,2,0,1,2,1,0,2
499,499,1,0,0,0,4,2,3,0,2,0,1,2,0,0,2,1,1,1,4,3,2,0,1,2,1,0,2
500,500,1,0,0,0,4,0,1,0,2,1,1,2,1,0,2,1,1,1,3,4,2,1,2,0,1,0,2
501,501,1,0,0,0,4,2,1,0,2,1,1,2,0,0,2,1,1,1,3,3,2,1,2,1,1,0,2
502,502,1,0,0,0,4,2,3,0,2,0,1,2,0,1,0,1,1,3,0,4,2,0,2,0,1,0,2
503,503,0,0,0,0,0,2,1,0,2,1,1,2,0,0,2,1,1,1,3,0,2,1,2,1,1,0,2
504,504,1,0,0,0,4,2,1,0,2,1,1,2,0,0,2,1,1,1,3,4,2,1,2,1,1,3,2
505,505,1,0,0,2,4,2,1,0,2,0,1,0,1,0,2,1,1,1,0,3,2,0,1,2,1,3,2
506,506,1,0,0,2,4,2,1,0,2,0,1,0,0,0,2,1,1,1,4,3,2,0,1,2,1,3,2
507,507,1,0,0,0,4,2,1,0,2,1,1,2,0,0,2,1,1,3,3,3,2,1,2,1,1,0,2
508,508,0,0,0,1,6,2,1,0,1,1,1,1,0,0,2,1,1,1,2,2,2,1,2,1,1,3,2
509,509,1,0,0,1,4,2,4,0,2,1,1,1,0,0,2,1,1,1,5,3,2,1,2,1,1,0,2
510,510,1,0,0,0,4,2,1,0,1,1,1,2,1,0,2,1,1,0,5,3,2,0,2,1,1,3,2
511,511,1,0,0,1,4,2,2,0,1,1,1,0,0,0,2,1,1,1,0,2,2,1,2,1,1,3,2
512,512,1,0,0,2,4,0,1,0,1,1,1,0,1,0,2,1,1,1,3,3,2,0,2,1,1,0,2
513,513,1,0,0,0,4,2,4,0,2,1,1,2,0,0,2,1,1,1,3,3,2,0,1,2,1,3,2
514,514,1,0,0,1,4,0,3,0,2,1,1,1,0,0,2,1,1,1,3,3,2,1,2,1,1,2,1
515,515,1,0,0,1,4,0,2,0,2,1,1,1,0,0,2,1,1,1,3,3,2,1,2,1,0,1,2
516,516,1,0,0,1,4,2,1,0,2,1,1,1,0,0,2,1,1,1,0,0,2,1,2,1,1,3,2
517,517,1,0,0,2,4,2,1,0,2,1,1,0,1,0,2,1,1,4,3,3,2,1,2,1,1,3,1
518,518,1,0,0,1,4,2,1,0,2,0,1,1,1,0,2,1,1,1,4,4,2,0,2,0,1,3,2
519,519,1,0,0,2,4,2,1,0,2,1,1,0,1,0,2,1,1,1,0,3,2,1,1,2,1,3,1
520,520,1,0,0,2,4,2,1,0,1,0,1,0,1,0,2,0,1,0,1,0,0,2,2,0,1,0,1
521,521,1,0,0,1,4,0,2,0,1,0,1,1,0,0,2,1,1,1,0,0,2,0,2,0,1,3,2
522,522,0,0,0,0,4,2,1,0,2,1,1,2,0,0,2,1,1,1,3,3,2,1,2,1,1,3,2
523,523,1,0,0,1,4,0,2,0,2,1,1,1,1,0,2,1,1,3,3,3,2,1,2,1,1,3,2
524,524,1,0,0,1,4,0,1,0,2,1,1,1,0,0,2,1,1,3,3,3,2,1,2,1,1,3,2
525,525,1,0,0,2,4,2,1,0,2,1,1,0,1,0,2,1,1,1,3,0,2,1,2,1,1,3,1
526,526,1,0,0,0,4,2,1,0,2,1,1,2,0,1,1,1,1,1,3,3,1,2,2,1,0,1,0
527,527,1,0,0,1,4,2,1,0,2,1,1,1,1,1,0,1,1,1,0,0,2,0,2,0,1,3,2
528,528,1,0,0,1,4,2,2,0,2,1,1,1,1,1,0,1,1,0,3,3,2,1,2,1,0,1,2
529,529,1,0,0,1,4,2,1,0,2,1,1,1,0,0,2,1,1,1,0,4,2,1,2,1,0,1,2
530,530,1,0,0,1,4,0,2,0,2,0,1,0,1,0,2,1,1,1,3,3,2,1,2,1,1,3,1
531,531,1,0,0,1,4,0,4,0,1,1,1,0,0,0,2,1,1,1,4,4,2,1,2,0,1,0,2
532,532,1,0,0,2,4,2,2,0,2,1,1,0,1,0,2,1,1,1,0,0,2,0,2,0,1,3,1
533,533,1,0,0,1,4,2,1,0,1,0,1,2,1,0,2,0,1,1,1,4,0,2,2,1,1,3,2
534,534,1,0,0,2,4,0,2,0,1,1,1,0,1,0,2,1,1,1,5,3,2,1,2,1,1,3,1
535,535,1,0,0,2,4,2,4,0,2,1,1,0,0,1,0,1,1,0,3,3,2,1,1,2,0,1,0
536,536,1,0,0,1,4,0,1,0,1,0,1,1,1,0,1,1,1,1,0,3,2,0,1,2,1,3,2
537,537,1,0,0,0,4,2,3,0,1,1,1,2,0,1,0,1,1,1,3,3,2,0,2,1,1,3,1
538,538,1,0,0,0,4,2,1,0,1,1,1,2,1,1,0,1,0,1,2,1,2,1,0,2,1,0,0
539,539,1,0,0,2,4,2,1,0,2,1,1,0,1,0,2,1,1,1,0,5,2,1,2,1,1,3,1
540,540,1,0,0,2,4,2,3,0,2,1,1,0,1,0,2,1,1,1,3,3,2,1,2,1,1,3,1
541,541,0,0,0,1,6,2,1,0,1,0,1,1,0,0,2,1,1,1,4,0,2,0,2,1,1,3,2
542,542,1,0,0,2,4,2,1,0,2,1,1,0,0,0,2,1,1,2,3,3,2,1,2,1,1,3,0
543,543,1,0,0,2,4,2,1,0,2,1,1,0,0,1,2,0,1,3,1,2,0,2,1,2,1,2,1
544,544,1,0,0,2,3,2,2,0,2,1,1,0,0,1,0,1,1,1,3,3,2,0,2,1,1,3,2
545,545,0,0,0,2,6,2,1,0,2,1,1,2,0,1,0,1,1,1,3,3,2,1,1,2,1,2,2
546,546,0,0,0,1,6,2,0,1,1,1,1,1,0,0,2,1,1,1,3,5,2,0,2,0,1,0,2
547,547,1,0,0,0,4,2,1,0,2,1,1,2,0,0,2,1,1,1,3,2,2,1,1,2,1,0,2
548,548,1,0,0,1,4,1,0,0,2,1,1,2,0,0,2,1,1,1,3,2,2,1,2,1,1,0,2
549,549,1,0,0,2,4,0,3,0,2,0,1,1,1,0,2,1,1,1,3,2,2,1,2,1,1,0,2
550,550,1,0,0,2,4,0,2,0,2,1,1,0,0,0,2,1,1,1,3,3,2,0,1,2,1,0,2
551,551,1,0,0,1,4,2,1,0,2,0,1,2,1,0,2,1,1,1,4,4,2,1,2,1,1,3,2
552,552,0,0,0,2,9,2,1,1,2,1,1,0,1,1,0,1,1,4,3,3,2,1,2,1,1,3,0
553,553,1,0,0,2,4,2,1,0,1,1,1,0,0,1,0,1,1,1,3,3,1,2,1,2,1,0,1
554,554,1,0,0,1,4,2,3,0,2,1,1,1,0,1,0,1,1,0,4,4,2,0,2,0,1,0,2
555,555,1,0,0,1,4,0,3,0,2,0,1,2,0,0,2,1,1,1,2,2,2,0,2,0,1,0,2
556,556,1,0,0,1,4,2,0,0,2,1,1,1,0,0,2,1,1,1,3,2,2,1,1,2,1,0,2
557,557,1,0,0,1,3,2,1,0,2,1,1,1,1,0,2,1,1,1,2,2,2,1,2,1,1,0,2
558,558,0,1,0,1,6,2,3,0,1,1,1,1,1,0,2,1,1,1,4,4,2,0,2,0,1,3,2
559,559,0,1,0,2,6,2,1,0,0,0,1,0,1,1,1,0,1,0,1,2,0,2,2,1,1,3,0
560,560,0,0,0,1,6,2,1,0,2,0,1,2,0,0,2,1,1,1,4,4,2,1,2,1,1,3,2
561,561,0,2,0,1,1,0,1,0,1,1,1,1,1,0,2,1,1,1,3,0,2,0,2,1,1,3,2
562,562,0,1,0,1,1,0,1,0,0,0,1,2,0,0,2,1,1,1,4,5,2,1,2,1,1,3,2
563,563,0,1,0,0,2,2,1,0,0,1,1,2,1,0,2,1,1,1,5,0,2,0,2,1,1,3,2
564,564,0,2,0,2,1,0,3,0,1,0,1,0,1,0,2,1,1,1,3,3,2,1,2,1,1,3,2
565,565,0,0,0,2,1,0,2,0,0,1,1,0,1,0,2,1,1,1,3,3,2,1,2,1,1,3,1
566,566,0,0,0,1,6,2,0,1,1,1,1,1,0,0,2,1,1,1,4,4,2,1,2,1,1,3,2
567,567,0,1,0,2,5,2,1,0,0,1,1,0,0,0,2,1,1,1,0,3,2,1,2,1,1,3,2
568,568,0,0,0,1,2,2,1,0,2,1,1,2,1,0,2,1,1,1,4,0,2,0,2,1,1,3,2
569,569,0,0,0,1,6,2,1,0,1,1,1,1,0,0,2,1,1,1,0,0,2,1,2,1,1,3,2
570,570,0,0,0,2,4,2,1,0,0,1,1,0,0,1,0,1,1,2,3,3,2,1,2,1,1,3,2
571,571,0,0,0,2,9,2,1,1,1,1,1,1,0,0,2,1,1,1,4,4,2,0,2,0,1,3,2
572,572,0,0,0,2,9,2,1,0,1,1,0,1,0,0,0,1,1,1,0,0,2,0,2,1,1,0,2
573,573,0,0,0,0,6,2,1,0,1,0,1,2,0,0,2,0,1,1,1,4,0,2,2,0,1,3,2
574,574,0,1,0,0,0,2,1,0,0,0,1,2,1,1,0,1,1,1,0,0,2,0,2,0,1,3,2
575,575,0,1,0,2,6,2,1,0,0,1,1,0,1,1,0,0,1,2,1,3,0,2,2,1,1,0,0
576,576,0,1,0,1,0,2,1,1,1,1,1,1,0,0,2,1,1,1,3,3,2,1,2,1,1,3,2
577,577,0,3,0,1,2,2,1,0,1,1,1,1,1,0,2,1,1,1,5,4,2,0,2,0,1,3,2
578,578,0,0,0,1,0,2,2,0,1,1,1,1,1,0,2,1,1,1,0,0,2,0,1,2,1,3,2
579,579,0,2,0,0,9,2,1,0,1,0,0,2,1,1,0,1,1,1,5,4,2,0,2,0,1,0,2
580,580,0,0,0,0,0,2,2,0,2,0,1,2,0,0,2,1,1,1,0,0,2,1,2,1,1,3,2
581,581,0,0,0,2,1,0,1,0,1,1,1,0,0,1,0,1,1,1,0,3,2,1,2,1,1,3,2
582,582,0,0,0,2,1,0,2,0,1,1,1,0,0,1,1,1,1,2,0,3,2,0,2,1,1,3,2
583,583,1,0,2,1,1,0,1,0,2,1,1,2,0,0,2,1,1,1,0,3,2,1,2,1,1,3,2
584,584,0,0,2,0,0,2,1,0,2,1,1,2,0,0,2,1,1,1,4,4,2,0,2,0,1,3,2
585,585,0,1,2,1,9,2,1,0,2,0,1,2,1,0,2,1,1,1,2,4,2,0,2,0,1,3,2
586,586,0,3,2,1,1,0,2,0,1,0,1,1,1,1,2,1,0,0,5,1,2,0,0,2,0,1,2
587,587,1,2,2,0,1,0,2,0,2,1,1,2,1,0,1,1,1,0,2,3,2,1,2,0,1,1,0
588,588,0,1,2,1,1,0,1,0,0,0,1,1,0,1,1,1,1,0,5,4,2,1,1,2,1,0,2
589,589,0,3,2,0,9,2,1,0,2,0,1,2,1,0,2,1,1,1,5,5,2,1,2,1,1,0,2
590,590,1,0,2,0,4,2,1,0,2,1,1,2,0,0,0,1,1,1,3,3,2,0,2,0,1,0,2
591,591,0,3,2,2,7,2,1,0,1,0,1,1,1,0,2,1,1,1,3,3,2,1,1,2,0,1,1
592,592,1,0,2,1,3,2,1,0,2,0,1,2,1,1,1,1,1,0,3,0,1,2,2,0,1,0,2
593,593,0,3,2,1,2,2,2,0,2,0,1,2,0,0,2,1,1,0,3,3,2,0,2,0,1,3,2
594,594,0,2,2,0,1,0,2,0,1,0,1,2,1,0,0,1,1,1,4,4,2,1,2,0,1,3,2
595,595,1,0,2,0,1,0,3,0,2,0,1,2,1,0,2,1,1,1,0,0,2,0,2,1,1,3,2
596,596,1,0,2,1,1,0,3,0,1,0,1,0,0,0,0,1,1,1,0,3,2,0,2,1,1,3,2
597,597,0,3,2,0,6,2,2,0,2,0,1,2,1,0,2,1,1,1,0,3,2,1,2,1,1,0,2
598,598,0,3,2,2,1,0,1,0,1,1,1,0,0,1,1,1,1,0,3,3,2,1,2,1,1,0,2
599,599,1,0,2,2,1,0,2,0,2,1,1,0,1,1,0,1,1,0,2,2,1,2,1,2,1,3,1
600,600,0,0,2,0,5,2,1,0,2,0,1,2,0,0,1,1,1,3,5,5,2,1,2,0,1,3,2
601,601,1,2,2,2,3,2,1,0,2,1,1,0,1,0,2,1,1,1,2,2,2,1,2,1,1,3,1
602,602,0,3,2,1,1,0,2,0,1,1,1,0,1,1,1,0,1,2,1,3,0,2,2,0,1,3,0
603,603,0,3,2,1,9,2,2,0,1,0,1,2,1,0,2,1,1,1,4,3,2,1,2,1,1,3,2
604,604,1,0,2,0,3,2,1,0,2,1,1,2,0,0,2,1,1,1,3,3,2,1,2,1,1,3,2
605,605,1,0,2,0,1,0,1,0,2,1,1,2,1,0,2,1,1,1,3,3,2,1,1,2,1,2,2
606,606,1,0,2,0,3,2,2,0,2,1,1,2,0,0,2,1,1,1,4,3,2,1,2,1,1,3,2
607,607,0,0,2,0,5,2,1,0,2,1,1,2,0,0,2,1,1,1,0,0,2,0,2,0,1,0,2
608,608,0,0,2,1,3,2,1,0,2,1,1,2,0,0,2,1,1,1,3,3,2,1,2,1,1,3,2
609,609,1,0,2,0,1,0,2,0,2,1,1,2,0,0,2,1,1,1,3,3,2,1,2,1,1,0,2
610,610,1,2,2,0,3,2,1,0,2,1,1,2,0,0,2,1,1,1,4,4,2,0,2,0,1,3,2
611,611,1,0,2,1,3,2,4,0,2,1,1,2,0,0,2,1,1,1,2,2,2,1,1,2,1,3,2
612,612,1,0,2,1,3,2,0,0,2,1,1,1,0,0,2,1,1,1,3,3,2,0,2,1,1,3,2
613,613,1,0,2,0,3,2,3,0,2,1,1,2,0,1,0,0,1,2,1,2,0,2,2,1,1,0,2
614,614,1,0,2,0,3,2,0,0,2,1,1,2,0,0,2,1,1,1,4,0,2,0,1,2,1,3,2
615,615,1,0,2,0,3,2,1,0,2,1,1,1,0,0,2,1,1,1,3,3,2,0,1,2,1,0,2
616,616,1,0,2,2,3,2,1,0,2,1,1,0,0,0,2,1,1,1,4,0,2,0,1,2,1,3,2
617,617,1,0,2,1,1,0,3,0,2,0,1,2,1,0,2,1,1,1,5,2,2,1,2,1,1,3,2
618,618,1,0,2,2,1,0,2,0,2,1,1,0,0,0,2,1,1,1,4,3,1,2,1,2,1,0,2
619,619,1,0,2,2,3,2,1,0,2,1,1,0,0,0,2,1,1,1,3,2,2,0,2,0,1,2,1
620,620,1,0,2,1,3,2,3,0,2,1,1,2,0,0,2,1,1,1,3,2,2,0,1,2,1,3,2
621,621,1,0,2,1,3,1,1,0,2,1,1,1,0,0,2,0,1,1,1,2,0,2,2,1,1,3,0
622,622,1,0,2,2,1,0,2,0,2,1,1,0,1,0,2,1,1,1,5,2,2,0,1,2,1,3,2
623,623,1,0,2,2,1,0,2,0,2,1,1,0,0,0,2,1,1,1,2,2,2,1,2,1,1,3,1
624,624,0,0,2,1,3,2,1,0,2,1,1,1,0,0,2,1,1,1,3,3,2,1,2,1,1,0,2
625,625,1,0,2,1,3,2,1,0,2,1,1,1,1,0,2,0,1,1,1,3,0,2,2,1,1,2,2
626,626,1,0,2,1,1,0,1,0,2,1,1,1,0,1,0,1,1,1,3,3,2,1,2,1,1,0,2
627,627,1,0,2,2,1,0,3,0,2,1,1,0,0,0,2,1,1,1,0,3,2,1,2,1,1,3,2
628,628,1,0,2,0,1,0,4,0,2,0,1,2,1,0,2,1,1,1,0,3,2,1,2,1,1,3,2
629,629,1,0,2,2,3,2,3,0,2,1,1,0,1,0,2,1,1,4,3,2,2,1,2,1,1,3,1
630,630,1,0,2,2,1,0,3,0,2,1,1,0,1,0,2,1,1,1,3,2,2,1,2,1,1,3,2
631,631,1,0,2,2,3,2,1,0,2,1,1,0,0,0,2,0,1,1,1,3,0,2,2,0,1,3,1
632,632,1,0,2,2,3,2,1,0,2,1,1,0,0,1,0,1,1,0,5,3,2,0,2,0,1,2,1
633,633,1,0,2,1,3,2,1,0,2,1,1,1,1,0,2,1,1,1,2,2,2,1,2,1,1,3,2
634,634,1,0,2,2,3,2,1,0,2,1,1,0,0,0,2,1,1,1,3,3,2,1,1,2,1,0,2
635,635,1,2,2,2,3,0,4,0,2,1,1,2,0,0,2,0,1,1,1,3,0,2,2,1,1,0,2
636,636,1,2,2,2,3,2,2,0,2,1,1,0,1,0,2,0,1,1,1,5,0,2,2,0,1,3,1
637,637,1,2,2,1,3,2,1,0,2,0,1,1,1,0,2,1,1,1,2,2,2,1,2,1,1,3,2
638,638,1,2,2,0,3,2,1,0,2,1,1,2,0,0,2,1,1,3,0,0,1,2,2,0,1,3,2
639,639,1,0,2,0,3,2,1,0,2,1,1,2,1,0,2,1,1,1,3,2,2,1,2,1,1,3,2
640,640,1,0,2,2,3,2,1,0,2,1,1,0,0,0,2,0,1,0,1,3,0,2,1,2,1,3,1
641,641,0,2,2,0,6,2,1,0,2,1,1,2,0,1,0,1,1,2,0,0,2,0,1,2,1,0,2
642,642,1,0,2,2,3,2,2,0,2,1,1,0,0,0,2,1,1,0,0,0,2,0,2,0,1,3,1
643,643,1,0,2,1,3,1,1,0,2,1,1,2,0,0,2,1,1,1,3,3,2,0,2,1,1,2,2
644,644,1,0,2,0,3,2,1,0,2,1,1,2,0,0,2,1,1,1,0,4,2,0,2,0,1,3,2
645,645,0,1,2,1,6,2,1,1,1,0,1,1,0,1,0,0,1,3,1,4,0,2,2,1,1,2,2
646,646,1,0,2,0,3,2,4,0,2,1,1,2,1,0,2,1,1,1,2,2,2,1,1,2,1,2,2
647,647,1,0,2,2,8,2,1,0,1,1,1,0,0,0,0,1,1,1,3,3,2,1,2,1,1,3,1
648,648,0,3,2,1,0,2,4,0,1,1,1,1,1,0,2,1,1,1,3,3,2,0,2,0,1,3,2
649,649,1,0,2,2,8,2,1,0,1,1,1,0,0,0,1,1,1,1,2,2,2,1,2,1,1,2,1
650,650,1,0,2,1,1,0,1,0,0,1,1,1,1,0,2,1,1,1,4,4,2,1,2,1,1,3,2
651,651,0,0,2,2,1,0,1,0,1,1,1,0,1,0,2,1,1,0,0,0,2,1,2,1,1,3,1
652,652,0,0,2,0,9,2,3,0,2,1,1,2,0,0,2,1,1,1,0,0,2,1,2,1,1,3,2
653,653,0,0,2,0,9,2,1,0,2,1,1,2,0,0,2,1,1,1,0,3,2,0,2,1,1,0,2
654,654,1,2,2,0,3,0,2,0,2,1,1,2,1,1,0,1,1,1,4,3,2,0,1,2,1,3,2
655,655,1,0,2,1,8,0,1,0,0,1,1,1,1,0,2,1,1,1,5,0,2,1,2,0,0,1,0
656,656,0,1,2,1,0,0,1,0,2,0,0,2,1,0,2,1,0,0,0,1,2,0,0,2,1,3,0
657,657,0,2,2,0,0,2,1,0,2,1,0,2,0,0,2,1,1,1,4,0,2,1,2,1,1,3,2
658,658,0,2,2,0,0,2,2,1,2,0,0,2,1,1,0,1,1,3,4,4,2,0,1,2,1,3,2
659,659,0,3,2,1,0,2,1,0,2,0,0,2,0,0,2,1,1,3,4,4,2,1,2,0,1,3,2
660,660,0,3,2,1,0,2,1,0,2,0,0,2,0,0,2,1,1,1,4,4,2,0,1,2,1,3,2
661,661,0,1,2,0,9,2,2,0,0,0,0,2,1,1,0,1,1,1,4,4,2,0,2,0,1,3,2
662,662,0,1,2,1,0,2,2,0,0,0,0,0,1,0,2,1,1,3,4,4,2,1,2,0,1,3,2
663,663,0,1,2,1,9,2,1,1,1,0,0,1,0,1,2,1,1,1,4,4,2,0,1,2,1,3,2
664,664,0,2,2,0,0,2,1,0,1,0,0,2,1,0,2,1,1,1,4,4,2,0,2,1,1,3,2
665,665,0,3,2,1,0,2,4,0,1,0,0,1,1,0,0,1,1,1,3,3,2,0,1,2,1,3,2
666,666,0,1,2,1,9,2,2,1,1,1,0,1,1,0,2,1,1,1,4,4,2,0,1,2,1,3,2
667,667,0,1,2,2,9,2,1,0,0,1,1,0,1,1,0,1,1,0,3,3,2,1,2,1,1,3,1
668,668,0,1,2,2,5,2,2,0,0,1,1,1,1,0,2,1,1,1,3,3,2,1,2,1,1,2,2
669,669,0,0,2,0,0,2,1,0,1,1,1,2,1,0,2,1,1,1,5,5,2,0,1,2,1,3,2
670,670,0,0,2,0,8,2,3,0,1,0,1,2,0,0,2,1,1,3,0,0,2,0,2,0,1,3,2
671,671,0,2,0,0,0,2,1,0,2,0,0,2,1,1,2,1,1,1,4,0,2,0,2,0,1,3,2
672,672,0,0,2,0,0,2,2,0,2,0,1,2,1,0,2,1,1,1,5,5,2,1,2,1,1,3,2
673,673,0,0,1,0,0,2,1,1,2,1,0,2,0,0,2,1,1,1,4,4,2,1,1,2,0,1,2
674,674,0,0,1,0,9,2,1,0,2,0,0,2,0,1,0,0,1,3,1,3,0,2,2,1,1,3,2
675,675,0,0,1,1,7,1,1,0,1,1,0,0,0,0,2,1,1,1,4,4,2,0,2,0,1,3,2
676,676,0,0,1,0,5,2,1,0,1,0,1,2,0,0,2,1,1,1,5,5,2,1,2,1,1,3,2
677,677,0,0,1,0,7,2,1,0,1,1,1,2,0,0,2,0,1,3,1,3,0,2,2,0,1,0,0
678,678,0,1,1,2,5,2,1,0,0,1,0,1,0,0,2,1,1,1,0,2,2,1,1,2,1,0,1
679,679,0,1,1,0,5,2,1,0,0,1,1,1,0,1,0,1,1,0,4,4,2,0,2,0,1,3,2
680,680,0,2,1,0,9,2,1,0,0,0,0,2,1,0,2,1,0,1,4,1,2,0,0,2,1,0,2
681,681,0,2,1,1,9,2,1,1,1,0,0,2,0,0,2,1,1,1,4,4,2,1,2,0,1,3,2
682,682,0,1,1,1,9,2,1,1,1,1,1,1,0,0,2,1,1,1,4,3,2,0,2,1,1,3,2
683,683,1,0,1,1,4,0,2,0,1,0,1,1,0,1,0,1,1,3,3,4,2,1,2,0,1,3,2
684,684,1,0,1,2,3,0,1,0,2,0,0,0,0,0,2,1,0,0,4,1,2,1,0,2,1,3,1
685,685,1,0,1,1,3,2,1,0,2,1,1,1,0,0,2,1,1,0,0,3,2,0,2,1,0,1,2
686,686,1,2,1,0,3,2,1,0,2,1,1,2,1,0,2,1,1,2,3,2,2,1,1,2,1,3,1
